CustomerID,FullName,Gender,City,JoinDate
C0001,Fatima Al-Zahrani,Female,Abha,2022-08-17
C0002,Khalid Al-Shamri,Male,Buraidah,2023-03-09
C0003,Abdullah Al-Subaie,Male,Abha,2023-06-02
C0004,Haya Al-Subaie,Female,Hail,2023-03-06
C0005,Ziyad Al-Zahrani,Male,Riyadh,2024-02-17
C0006,Anoud Al-Balawi,Female,Makkah,2022-06-09
C0007,Yousef Al-Dosari,Male,Jeddah,2023-01-25
C0008,Ibrahim Al-Zahrani,Male,Riyadh,2024-01-18
C0009,Khalid Al-Maliki,Male,Jeddah,2023-07-20
C0010,Faisal Al-Rashidi,Male,Buraidah,2022-07-16
C0011,Noura Al-Anzi,Female,Makkah,2022-03-23
C0012,Hind Al-Maliki,Female,Makkah,2023-04-10
C0013,Munira Al-Mutairi,Female,Madinah,2022-12-30
C0014,Bader Al-Shamri,Male,Buraidah,2023-10-13
C0015,Nasser Al-Mutairi,Male,Tabuk,2023-01-24
C0016,Waleed Al-Anzi,Male,Madinah,2024-05-13
C0017,Noura Al-Anzi,Female,Riyadh,2024-04-04
C0018,Bader Al-Shamri,Male,Abha,2024-07-24
C0019,Ghada Al-Subaie,Female,Tabuk,2023-02-10
C0020,Bandari Al-Harbi,Female,Makkah,2022-05-23
C0021,Waleed Al-Zahrani,Male,Buraidah,2023-03-15
C0022,Moudi Al-Rashidi,Female,Abha,2022-05-22
C0023,Abdullah Al-Qahtani,Male,Jeddah,2022-06-06
C0024,Anoud Al-Shamri,Female,Taif,2023-01-26
C0025,Hamad Al-Zahrani,Male,Hail,2024-05-31
C0026,Hind Al-Zahrani,Female,Madinah,2022-04-25
C0027,Fahad Al-Omari,Male,Riyadh,2024-09-03
C0028,Shahad Al-Mutairi,Female,Hail,2024-07-23
C0029,Turki Al-Subaie,Male,Dammam,2023-01-18
C0030,Haya Al-Otaibi,Female,Buraidah,2022-11-28
C0031,Khalid Al-Rashidi,Male,Makkah,2022-09-03
C0032,Ziyad Al-Shamri,Male,Jeddah,2024-01-20
C0033,Abdullah Al-Harbi,Male,Dammam,2023-11-07
C0034,Waleed Al-Mutairi,Male,Makkah,2023-06-25
C0035,Anoud Al-Subaie,Female,Hail,2024-02-13
C0036,Lama Al-Ghamdi,Female,Taif,2023-11-19
C0037,Bandari Al-Omari,Female,Jeddah,2022-09-11
C0038,Yousef Al-Otaibi,Male,Buraidah,2023-07-22
C0039,Nasser Al-Otaibi,Male,Jeddah,2023-12-26
C0040,Dana Al-Shamri,Female,Riyadh,2024-05-30
C0041,Nawaf Al-Anzi,Male,Makkah,2023-11-17
C0042,Waleed Al-Harbi,Male,Buraidah,2023-08-14
C0043,Majed Al-Khaldi,Male,Abha,2022-04-07
C0044,Ali Al-Rashidi,Male,Taif,2023-02-25
C0045,Ahmed Al-Dosari,Male,Riyadh,2023-02-17
C0046,Hind Al-Anzi,Female,Abha,2022-07-14
C0047,Saad Al-Khaldi,Male,Dammam,2022-10-13
C0048,Abdullah Al-Omari,Male,Hail,2022-04-11
C0049,Waleed Al-Otaibi,Male,Jeddah,2024-08-06
C0050,Dana Al-Mutairi,Female,Taif,2023-05-13
C0051,Omar Al-Qahtani,Male,Dammam,2023-01-24
C0052,Omar Al-Zahrani,Male,Tabuk,2022-10-20
C0053,Waleed Al-Shehri,Male,Dammam,2022-07-14
C0054,Ahmed Al-Qahtani,Male,Madinah,2022-02-28
C0055,Majed Al-Mutairi,Male,Riyadh,2024-09-10
C0056,Fahad Al-Shamri,Male,Buraidah,2022-03-11
C0057,Dana Al-Maliki,Female,Jeddah,2024-08-22
C0058,Dana Al-Qahtani,Female,Buraidah,2022-03-25
C0059,Ziyad Al-Balawi,Male,Makkah,2022-07-29
C0060,Ghada Al-Anzi,Female,Makkah,2023-02-10
C0061,Turki Al-Omari,Male,Madinah,2024-08-09
C0062,Mariam Al-Otaibi,Female,Tabuk,2023-09-29
C0063,Hind Al-Shamri,Female,Hail,2022-08-07
C0064,Saad Al-Rashidi,Male,Jeddah,2024-06-19
C0065,Turki Al-Mutairi,Male,Tabuk,2024-05-03
C0066,Turki Al-Otaibi,Male,Hail,2022-11-03
C0067,Hind Al-Harbi,Female,Makkah,2022-04-29
C0068,Haya Al-Harbi,Female,Makkah,2022-10-16
C0069,Ghada Al-Subaie,Female,Makkah,2023-06-02
C0070,Ahmed Al-Shamri,Male,Taif,2024-04-29
C0071,Mohammed Al-Balawi,Male,Dammam,2023-10-15
C0072,Reem Al-Omari,Female,Hail,2023-12-24
C0073,Mohammed Al-Dosari,Male,Jeddah,2024-08-25
C0074,Sara Al-Qahtani,Female,Madinah,2023-08-20
C0075,Ali Al-Harbi,Male,Riyadh,2022-11-12
C0076,Ahmed Al-Rashidi,Male,Abha,2023-11-30
C0077,Khalid Al-Rashidi,Male,Hail,2024-06-24
C0078,Jawaher Al-Harbi,Female,Abha,2024-06-04
C0079,Fahad Al-Khaldi,Male,Riyadh,2022-07-03
C0080,Ghada Al-Khaldi,Female,Abha,2022-10-01
C0081,Khalid Al-Maliki,Male,Riyadh,2024-05-29
C0082,Sultan Al-Omari,Male,Madinah,2022-11-09
C0083,Dana Al-Anzi,Female,Riyadh,2023-11-07
C0084,Yousef Al-Zahrani,Male,Jeddah,2024-09-17
C0085,Munira Al-Maliki,Female,Hail,2022-12-06
C0086,Hind Al-Zahrani,Female,Dammam,2023-08-18
C0087,Shahad Al-Qahtani,Female,Jeddah,2023-09-03
C0088,Yousef Al-Khaldi,Male,Buraidah,2023-06-08
C0089,Ziyad Al-Subaie,Male,Makkah,2022-02-15
C0090,Fatima Al-Subaie,Female,Madinah,2023-03-18
C0091,Yousef Al-Balawi,Male,Jeddah,2024-01-08
C0092,Asma Al-Ghamdi,Female,Taif,2022-12-01
C0093,Turki Al-Harbi,Male,Abha,2023-03-07
C0094,Moudi Al-Mutairi,Female,Buraidah,2023-08-06
C0095,Waleed Al-Otaibi,Male,Makkah,2022-10-21
C0096,Ziyad Al-Balawi,Male,Tabuk,2023-03-29
C0097,Sultan Al-Shehri,Male,Dammam,2023-11-06
C0098,Nawaf Al-Balawi,Male,Jeddah,2024-04-18
C0099,Dana Al-Ghamdi,Female,Abha,2024-04-05
C0100,Mohammed Al-Qahtani,Male,Abha,2023-05-02
C0101,Mariam Al-Omari,Female,Taif,2024-06-26
C0102,Lama Al-Maliki,Female,Tabuk,2023-02-14
C0103,Mohammed Al-Dosari,Male,Taif,2022-08-13
C0104,Nawaf Al-Omari,Male,Riyadh,2023-07-25
C0105,Khalid Al-Omari,Male,Dammam,2024-03-31
C0106,Nawaf Al-Balawi,Male,Tabuk,2023-09-20
C0107,Asma Al-Khaldi,Female,Hail,2023-04-02
C0108,Wadha Al-Omari,Female,Makkah,2024-02-09
C0109,Bader Al-Shehri,Male,Abha,2022-10-09
C0110,Turki Al-Anzi,Male,Makkah,2022-12-10
C0111,Waleed Al-Shamri,Male,Dammam,2022-06-04
C0112,Saad Al-Subaie,Male,Jeddah,2023-03-01
C0113,Waleed Al-Omari,Male,Taif,2022-03-05
C0114,Ali Al-Maliki,Male,Buraidah,2024-08-26
C0115,Latifa Al-Maliki,Female,Tabuk,2022-01-07
C0116,Amal Al-Maliki,Female,Taif,2023-07-06
C0117,Haya Al-Anzi,Female,Tabuk,2022-08-13
C0118,Majed Al-Otaibi,Male,Taif,2022-12-11
C0119,Moudi Al-Mutairi,Female,Tabuk,2024-07-30
C0120,Faisal Al-Otaibi,Male,Taif,2023-08-30
C0121,Mohammed Al-Shamri,Male,Taif,2022-05-19
C0122,Reem Al-Qahtani,Female,Makkah,2023-01-24
C0123,Hamad Al-Balawi,Male,Madinah,2024-02-19
C0124,Shahad Al-Khaldi,Female,Makkah,2024-05-04
C0125,Mohammed Al-Qahtani,Male,Madinah,2022-08-18
C0126,Noura Al-Otaibi,Female,Abha,2022-07-24
C0127,Jawaher Al-Harbi,Female,Abha,2022-05-10
C0128,Khalid Al-Subaie,Male,Tabuk,2023-12-18
C0129,Ibrahim Al-Mutairi,Male,Buraidah,2023-09-14
C0130,Hind Al-Mutairi,Female,Makkah,2022-04-21
C0131,Turki Al-Maliki,Male,Taif,2024-08-22
C0132,Mariam Al-Anzi,Female,Jeddah,2023-12-15
C0133,Jawaher Al-Dosari,Female,Buraidah,2024-03-12
C0134,Waleed Al-Khaldi,Male,Madinah,2022-03-12
C0135,Yousef Al-Otaibi,Male,Taif,2024-04-22
C0136,Ali Al-Rashidi,Male,Tabuk,2023-12-26
C0137,Fahad Al-Zahrani,Male,Buraidah,2024-04-07
C0138,Wadha Al-Omari,Female,Taif,2024-04-25
C0139,Shahad Al-Balawi,Female,Abha,2024-04-30
C0140,Shahad Al-Omari,Female,Abha,2024-02-08
C0141,Faisal Al-Maliki,Male,Madinah,2022-01-30
C0142,Yousef Al-Mutairi,Male,Tabuk,2022-08-06
C0143,Bader Al-Balawi,Male,Makkah,2024-06-20
C0144,Bader Al-Otaibi,Male,Hail,2024-08-28
C0145,Nasser Al-Khaldi,Male,Tabuk,2023-07-23
C0146,Wadha Al-Shehri,Female,Tabuk,2024-03-22
C0147,Turki Al-Anzi,Male,Taif,2023-12-10
C0148,Ziyad Al-Rashidi,Male,Tabuk,2023-07-21
C0149,Ali Al-Balawi,Male,Madinah,2023-12-21
C0150,Turki Al-Zahrani,Male,Abha,2022-05-04
C0151,Ghada Al-Dosari,Female,Hail,2024-08-31
C0152,Reem Al-Subaie,Female,Abha,2024-01-27
C0153,Ziyad Al-Ghamdi,Male,Jeddah,2024-05-02
C0154,Nasser Al-Rashidi,Male,Dammam,2022-11-06
C0155,Waleed Al-Harbi,Male,Makkah,2022-02-16
C0156,Haya Al-Ghamdi,Female,Dammam,2023-10-16
C0157,Wadha Al-Dosari,Female,Riyadh,2023-08-11
C0158,Majed Al-Omari,Male,Madinah,2022-07-08
C0159,Shahad Al-Shehri,Female,Jeddah,2024-04-21
C0160,Majed Al-Shamri,Male,Buraidah,2023-10-07
C0161,Sara Al-Harbi,Female,Buraidah,2024-08-29
C0162,Nasser Al-Dosari,Male,Hail,2024-02-22
C0163,Faisal Al-Anzi,Male,Hail,2023-01-25
C0164,Hamad Al-Ghamdi,Male,Buraidah,2023-03-16
C0165,Faisal Al-Qahtani,Male,Buraidah,2024-09-10
C0166,Lama Al-Subaie,Female,Makkah,2023-11-08
C0167,Nasser Al-Mutairi,Male,Hail,2022-03-18
C0168,Ali Al-Omari,Male,Buraidah,2023-04-27
C0169,Nasser Al-Ghamdi,Male,Makkah,2023-12-21
C0170,Mariam Al-Anzi,Female,Makkah,2024-03-17
C0171,Latifa Al-Subaie,Female,Taif,2022-04-28
C0172,Saad Al-Zahrani,Male,Dammam,2022-03-15
C0173,Turki Al-Ghamdi,Male,Tabuk,2022-05-08
C0174,Turki Al-Maliki,Male,Makkah,2023-05-28
C0175,Hamad Al-Shamri,Male,Buraidah,2022-02-10
C0176,Ghada Al-Zahrani,Female,Riyadh,2022-04-04
C0177,Ziyad Al-Otaibi,Male,Makkah,2023-08-14
C0178,Fahad Al-Shehri,Male,Hail,2023-10-30
C0179,Bader Al-Mutairi,Male,Buraidah,2023-03-23
C0180,Wadha Al-Shamri,Female,Tabuk,2022-12-23
C0181,Yousef Al-Dosari,Male,Dammam,2022-12-04
C0182,Majed Al-Ghamdi,Male,Taif,2024-04-13
C0183,Noura Al-Omari,Female,Jeddah,2022-11-19
C0184,Khalid Al-Maliki,Male,Hail,2024-04-24
C0185,Haya Al-Omari,Female,Taif,2022-02-25
C0186,Ibrahim Al-Shehri,Male,Tabuk,2024-02-18
C0187,Bader Al-Harbi,Male,Makkah,2023-03-25
C0188,Wadha Al-Dosari,Female,Riyadh,2024-09-23
C0189,Dana Al-Mutairi,Female,Makkah,2023-07-19
C0190,Ali Al-Shamri,Male,Abha,2024-05-11
C0191,Bandari Al-Dosari,Female,Dammam,2023-05-26
C0192,Amal Al-Zahrani,Female,Taif,2024-05-04
C0193,Majed Al-Anzi,Male,Tabuk,2023-07-19
C0194,Sultan Al-Harbi,Male,Jeddah,2022-10-10
C0195,Anoud Al-Balawi,Female,Hail,2022-10-01
C0196,Amal Al-Ghamdi,Female,Buraidah,2023-08-17
C0197,Wadha Al-Harbi,Female,Tabuk,2023-07-06
C0198,Yousef Al-Maliki,Male,Tabuk,2024-08-13
C0199,Sultan Al-Anzi,Male,Buraidah,2023-01-28
C0200,Ali Al-Qahtani,Male,Madinah,2024-02-02
C0201,Omar Al-Maliki,Male,Dammam,2023-05-23
C0202,Sara Al-Balawi,Female,Jeddah,2024-06-14
C0203,Hind Al-Omari,Female,Riyadh,2024-01-10
C0204,Saad Al-Shamri,Male,Tabuk,2024-03-11
C0205,Ghada Al-Maliki,Female,Jeddah,2024-05-22
C0206,Waleed Al-Maliki,Male,Madinah,2023-10-04
C0207,Wadha Al-Qahtani,Female,Buraidah,2022-03-12
C0208,Turki Al-Anzi,Male,Jeddah,2023-03-21
C0209,Hind Al-Omari,Female,Dammam,2023-12-12
C0210,Mohammed Al-Qahtani,Male,Madinah,2024-03-26
C0211,Ibrahim Al-Rashidi,Male,Taif,2022-05-30
C0212,Ali Al-Mutairi,Male,Dammam,2022-06-29
C0213,Omar Al-Anzi,Male,Tabuk,2024-07-23
C0214,Nasser Al-Omari,Male,Makkah,2023-04-16
C0215,Mohammed Al-Omari,Male,Makkah,2023-11-25
C0216,Abdullah Al-Omari,Male,Madinah,2023-08-25
C0217,Ali Al-Zahrani,Male,Tabuk,2024-05-15
C0218,Omar Al-Shehri,Male,Jeddah,2022-08-31
C0219,Ibrahim Al-Ghamdi,Male,Makkah,2022-01-23
C0220,Moudi Al-Zahrani,Female,Riyadh,2023-08-03
C0221,Noura Al-Shehri,Female,Makkah,2024-03-05
C0222,Jawaher Al-Rashidi,Female,Abha,2023-10-14
C0223,Bader Al-Harbi,Male,Jeddah,2024-07-14
C0224,Noura Al-Ghamdi,Female,Tabuk,2022-02-04
C0225,Saad Al-Shamri,Male,Makkah,2022-12-01
C0226,Reem Al-Subaie,Female,Dammam,2024-03-16
C0227,Ibrahim Al-Zahrani,Male,Dammam,2022-09-21
C0228,Wadha Al-Ghamdi,Female,Madinah,2024-04-03
C0229,Abdullah Al-Harbi,Male,Abha,2024-05-30
C0230,Moudi Al-Rashidi,Female,Jeddah,2024-03-20
C0231,Bader Al-Dosari,Male,Tabuk,2023-01-13
C0232,Shahad Al-Maliki,Female,Madinah,2022-04-21
C0233,Wadha Al-Otaibi,Female,Buraidah,2024-06-24
C0234,Ghada Al-Anzi,Female,Jeddah,2023-10-13
C0235,Amal Al-Khaldi,Female,Jeddah,2022-05-24
C0236,Ahmed Al-Ghamdi,Male,Tabuk,2022-04-29
C0237,Waleed Al-Harbi,Male,Taif,2023-04-10
C0238,Waleed Al-Khaldi,Male,Buraidah,2024-01-31
C0239,Anoud Al-Dosari,Female,Tabuk,2023-09-23
C0240,Bader Al-Qahtani,Male,Madinah,2022-08-11
C0241,Nasser Al-Rashidi,Male,Jeddah,2023-12-04
C0242,Ibrahim Al-Qahtani,Male,Taif,2022-10-10
C0243,Khalid Al-Omari,Male,Jeddah,2023-11-10
C0244,Faisal Al-Otaibi,Male,Riyadh,2024-03-16
C0245,Saad Al-Subaie,Male,Jeddah,2024-04-29
C0246,Lama Al-Subaie,Female,Abha,2022-12-03
C0247,Jawaher Al-Otaibi,Female,Makkah,2024-05-29
C0248,Sara Al-Zahrani,Female,Dammam,2022-04-23
C0249,Fatima Al-Harbi,Female,Riyadh,2023-01-02
C0250,Dana Al-Balawi,Female,Riyadh,2022-06-28
C0251,Saad Al-Khaldi,Male,Hail,2022-04-27
C0252,Wadha Al-Omari,Female,Madinah,2023-06-10
C0253,Hamad Al-Anzi,Male,Buraidah,2022-02-14
C0254,Asma Al-Ghamdi,Female,Tabuk,2023-10-21
C0255,Noura Al-Shehri,Female,Taif,2023-03-13
C0256,Wadha Al-Omari,Female,Jeddah,2024-07-09
C0257,Faisal Al-Harbi,Male,Jeddah,2022-05-10
C0258,Ziyad Al-Balawi,Male,Taif,2023-09-04
C0259,Hamad Al-Khaldi,Male,Jeddah,2024-03-23
C0260,Haya Al-Subaie,Female,Taif,2023-04-08
C0261,Anoud Al-Balawi,Female,Tabuk,2023-02-13
C0262,Khalid Al-Balawi,Male,Taif,2022-11-17
C0263,Munira Al-Harbi,Female,Tabuk,2022-03-10
C0264,Abdullah Al-Shamri,Male,Taif,2022-04-09
C0265,Munira Al-Harbi,Female,Hail,2022-03-03
C0266,Waleed Al-Balawi,Male,Jeddah,2023-02-25
C0267,Ali Al-Qahtani,Male,Makkah,2023-09-07
C0268,Khalid Al-Subaie,Male,Dammam,2023-11-04
C0269,Khalid Al-Rashidi,Male,Hail,2023-01-12
C0270,Bader Al-Anzi,Male,Taif,2024-05-15
C0271,Faisal Al-Otaibi,Male,Buraidah,2024-08-09
C0272,Shahad Al-Otaibi,Female,Dammam,2022-10-07
C0273,Amal Al-Balawi,Female,Madinah,2022-01-07
C0274,Saad Al-Maliki,Male,Jeddah,2022-05-26
C0275,Fatima Al-Shamri,Female,Hail,2022-08-09
C0276,Hamad Al-Balawi,Male,Dammam,2023-01-14
C0277,Yousef Al-Shamri,Male,Riyadh,2022-06-09
C0278,Faisal Al-Qahtani,Male,Jeddah,2022-10-06
C0279,Ali Al-Shehri,Male,Buraidah,2023-03-29
C0280,Sultan Al-Dosari,Male,Madinah,2023-03-17
C0281,Ziyad Al-Shehri,Male,Hail,2023-11-15
C0282,Nasser Al-Maliki,Male,Buraidah,2022-02-26
C0283,Turki Al-Subaie,Male,Dammam,2024-02-22
C0284,Yousef Al-Dosari,Male,Riyadh,2023-05-25
C0285,Reem Al-Harbi,Female,Taif,2023-06-30
C0286,Asma Al-Rashidi,Female,Jeddah,2023-02-11
C0287,Noura Al-Khaldi,Female,Riyadh,2023-04-16
C0288,Ghada Al-Khaldi,Female,Buraidah,2023-02-19
C0289,Anoud Al-Ghamdi,Female,Jeddah,2023-02-19
C0290,Yousef Al-Mutairi,Male,Buraidah,2023-04-17
C0291,Munira Al-Shamri,Female,Taif,2024-05-14
C0292,Ali Al-Maliki,Male,Hail,2022-03-22
C0293,Turki Al-Balawi,Male,Abha,2022-12-08
C0294,Mariam Al-Dosari,Female,Hail,2023-06-07
C0295,Ibrahim Al-Rashidi,Male,Dammam,2022-08-30
C0296,Bader Al-Subaie,Male,Dammam,2023-09-09
C0297,Abdullah Al-Mutairi,Male,Tabuk,2023-04-21
C0298,Latifa Al-Omari,Female,Buraidah,2023-10-21
C0299,Jawaher Al-Balawi,Female,Madinah,2022-06-04
C0300,Majed Al-Omari,Male,Makkah,2024-03-26
C0301,Ahmed Al-Rashidi,Male,Hail,2022-03-17
C0302,Hamad Al-Qahtani,Male,Riyadh,2023-01-13
C0303,Mariam Al-Shamri,Female,Buraidah,2023-09-01
C0304,Hamad Al-Qahtani,Male,Tabuk,2024-07-19
C0305,Lama Al-Balawi,Female,Buraidah,2023-05-03
C0306,Ahmed Al-Omari,Male,Jeddah,2024-04-10
C0307,Ghada Al-Shamri,Female,Hail,2023-10-24
C0308,Nasser Al-Omari,Male,Tabuk,2023-06-21
C0309,Fahad Al-Rashidi,Male,Madinah,2024-07-28
C0310,Ali Al-Balawi,Male,Buraidah,2022-02-23
C0311,Ghada Al-Shamri,Female,Madinah,2022-04-07
C0312,Omar Al-Ghamdi,Male,Makkah,2024-01-12
C0313,Jawaher Al-Harbi,Female,Madinah,2022-03-25
C0314,Saad Al-Rashidi,Male,Makkah,2024-09-17
C0315,Moudi Al-Harbi,Female,Buraidah,2023-12-27
C0316,Amal Al-Maliki,Female,Madinah,2024-04-12
C0317,Nawaf Al-Shamri,Male,Taif,2023-06-05
C0318,Ibrahim Al-Ghamdi,Male,Dammam,2024-08-31
C0319,Majed Al-Subaie,Male,Abha,2022-05-21
C0320,Turki Al-Dosari,Male,Hail,2024-02-29
C0321,Nawaf Al-Qahtani,Male,Madinah,2024-06-16
C0322,Sara Al-Maliki,Female,Dammam,2022-06-16
C0323,Faisal Al-Mutairi,Male,Tabuk,2022-02-14
C0324,Nasser Al-Omari,Male,Buraidah,2022-10-19
C0325,Bandari Al-Anzi,Female,Hail,2022-09-02
C0326,Majed Al-Subaie,Male,Madinah,2023-11-26
C0327,Bandari Al-Omari,Female,Makkah,2024-03-07
C0328,Nawaf Al-Khaldi,Male,Dammam,2024-04-16
C0329,Faisal Al-Harbi,Male,Makkah,2022-02-23
C0330,Munira Al-Dosari,Female,Hail,2024-05-21
C0331,Abdullah Al-Mutairi,Male,Makkah,2023-04-06
C0332,Sara Al-Khaldi,Female,Jeddah,2024-08-27
C0333,Bandari Al-Rashidi,Female,Riyadh,2023-03-01
C0334,Nawaf Al-Rashidi,Male,Abha,2023-01-31
C0335,Munira Al-Anzi,Female,Riyadh,2022-11-23
C0336,Ghada Al-Harbi,Female,Dammam,2022-02-09
C0337,Majed Al-Harbi,Male,Tabuk,2023-04-05
C0338,Mariam Al-Otaibi,Female,Makkah,2022-08-09
C0339,Haya Al-Khaldi,Female,Jeddah,2024-03-05
C0340,Turki Al-Dosari,Male,Riyadh,2022-09-02
C0341,Faisal Al-Omari,Male,Jeddah,2022-04-24
C0342,Wadha Al-Otaibi,Female,Hail,2023-08-12
C0343,Saad Al-Ghamdi,Male,Taif,2022-01-02
C0344,Dana Al-Khaldi,Female,Dammam,2023-11-12
C0345,Asma Al-Rashidi,Female,Jeddah,2024-09-03
C0346,Nawaf Al-Otaibi,Male,Taif,2024-06-13
C0347,Omar Al-Rashidi,Male,Makkah,2024-02-05
C0348,Abdullah Al-Rashidi,Male,Abha,2024-01-21
C0349,Hind Al-Balawi,Female,Dammam,2022-02-15
C0350,Yousef Al-Mutairi,Male,Tabuk,2023-12-14
C0351,Fahad Al-Harbi,Male,Jeddah,2024-01-04
C0352,Bandari Al-Qahtani,Female,Makkah,2022-07-26
C0353,Sultan Al-Qahtani,Male,Madinah,2024-08-13
C0354,Omar Al-Shehri,Male,Makkah,2022-02-07
C0355,Lama Al-Ghamdi,Female,Madinah,2024-06-01
C0356,Ghada Al-Zahrani,Female,Jeddah,2024-03-29
C0357,Omar Al-Omari,Male,Taif,2022-12-14
C0358,Wadha Al-Shehri,Female,Madinah,2024-08-04
C0359,Shahad Al-Shamri,Female,Taif,2022-03-22
C0360,Fahad Al-Ghamdi,Male,Madinah,2022-04-16
C0361,Turki Al-Ghamdi,Male,Tabuk,2023-09-10
C0362,Reem Al-Omari,Female,Madinah,2023-04-03
C0363,Ibrahim Al-Khaldi,Male,Makkah,2023-10-17
C0364,Noura Al-Shamri,Female,Taif,2023-01-08
C0365,Fahad Al-Otaibi,Male,Dammam,2024-05-19
C0366,Bandari Al-Qahtani,Female,Dammam,2022-03-10
C0367,Ibrahim Al-Rashidi,Male,Taif,2024-08-30
C0368,Faisal Al-Harbi,Male,Tabuk,2024-08-29
C0369,Hamad Al-Shamri,Male,Buraidah,2022-05-21
C0370,Omar Al-Balawi,Male,Makkah,2022-09-13
C0371,Fatima Al-Mutairi,Female,Tabuk,2023-06-15
C0372,Waleed Al-Dosari,Male,Makkah,2024-03-04
C0373,Hamad Al-Subaie,Male,Buraidah,2022-10-20
C0374,Wadha Al-Subaie,Female,Jeddah,2022-05-19
C0375,Bandari Al-Mutairi,Female,Tabuk,2022-03-31
C0376,Ghada Al-Rashidi,Female,Jeddah,2023-07-18
C0377,Turki Al-Mutairi,Male,Dammam,2024-03-23
C0378,Nasser Al-Dosari,Male,Abha,2024-03-22
C0379,Majed Al-Otaibi,Male,Madinah,2023-07-22
C0380,Hamad Al-Harbi,Male,Buraidah,2024-06-24
C0381,Turki Al-Maliki,Male,Tabuk,2023-06-23
C0382,Ali Al-Shamri,Male,Dammam,2024-09-22
C0383,Abdullah Al-Omari,Male,Tabuk,2023-11-28
C0384,Saad Al-Mutairi,Male,Dammam,2023-03-20
C0385,Ahmed Al-Dosari,Male,Hail,2022-06-06
C0386,Fahad Al-Balawi,Male,Abha,2022-12-21
C0387,Asma Al-Ghamdi,Female,Jeddah,2022-09-14
C0388,Waleed Al-Zahrani,Male,Dammam,2023-10-03
C0389,Waleed Al-Shamri,Male,Hail,2023-10-19
C0390,Ziyad Al-Harbi,Male,Dammam,2023-11-06
C0391,Jawaher Al-Balawi,Female,Buraidah,2022-02-12
C0392,Fatima Al-Shamri,Female,Riyadh,2024-08-29
C0393,Latifa Al-Zahrani,Female,Abha,2024-02-25
C0394,Faisal Al-Otaibi,Male,Tabuk,2024-06-29
C0395,Amal Al-Ghamdi,Female,Tabuk,2022-09-08
C0396,Moudi Al-Ghamdi,Female,Tabuk,2022-03-16
C0397,Reem Al-Omari,Female,Taif,2023-05-11
C0398,Yousef Al-Harbi,Male,Madinah,2024-06-01
C0399,Munira Al-Maliki,Female,Dammam,2024-02-18
C0400,Waleed Al-Dosari,Male,Madinah,2022-09-05
C0401,Bader Al-Omari,Male,Abha,2022-05-25
C0402,Turki Al-Maliki,Male,Buraidah,2023-03-05
C0403,Fahad Al-Balawi,Male,Buraidah,2024-01-09
C0404,Fahad Al-Shehri,Male,Hail,2023-04-24
C0405,Turki Al-Shehri,Male,Riyadh,2022-04-03
C0406,Asma Al-Omari,Female,Abha,2022-08-09
C0407,Ahmed Al-Qahtani,Male,Makkah,2023-05-22
C0408,Majed Al-Ghamdi,Male,Hail,2022-01-09
C0409,Anoud Al-Harbi,Female,Makkah,2024-01-15
C0410,Omar Al-Rashidi,Male,Riyadh,2023-02-15
C0411,Waleed Al-Subaie,Male,Madinah,2023-07-21
C0412,Omar Al-Omari,Male,Hail,2022-10-14
C0413,Jawaher Al-Dosari,Female,Dammam,2024-09-25
C0414,Ibrahim Al-Balawi,Male,Hail,2024-08-19
C0415,Saad Al-Subaie,Male,Buraidah,2023-06-06
C0416,Ahmed Al-Qahtani,Male,Riyadh,2022-05-21
C0417,Wadha Al-Omari,Female,Dammam,2023-09-13
C0418,Sara Al-Balawi,Female,Buraidah,2022-11-23
C0419,Faisal Al-Ghamdi,Male,Buraidah,2022-12-11
C0420,Nawaf Al-Shehri,Male,Buraidah,2022-11-03
C0421,Mohammed Al-Rashidi,Male,Madinah,2023-11-21
C0422,Ali Al-Ghamdi,Male,Riyadh,2023-09-04
C0423,Ziyad Al-Anzi,Male,Riyadh,2023-08-21
C0424,Nawaf Al-Maliki,Male,Dammam,2024-04-21
C0425,Noura Al-Dosari,Female,Abha,2022-01-20
C0426,Ali Al-Harbi,Male,Taif,2023-12-09
C0427,Nawaf Al-Shehri,Male,Riyadh,2023-12-24
C0428,Sultan Al-Balawi,Male,Tabuk,2023-06-23
C0429,Fahad Al-Omari,Male,Hail,2022-12-17
C0430,Bader Al-Shehri,Male,Abha,2024-09-07
C0431,Waleed Al-Ghamdi,Male,Abha,2024-08-22
C0432,Amal Al-Ghamdi,Female,Abha,2023-12-08
C0433,Ghada Al-Shehri,Female,Madinah,2023-07-28
C0434,Shahad Al-Ghamdi,Female,Jeddah,2023-08-11
C0435,Moudi Al-Maliki,Female,Madinah,2024-09-04
C0436,Sara Al-Ghamdi,Female,Riyadh,2022-10-22
C0437,Mariam Al-Rashidi,Female,Tabuk,2023-11-03
C0438,Majed Al-Subaie,Male,Abha,2024-04-27
C0439,Waleed Al-Zahrani,Male,Dammam,2022-04-22
C0440,Latifa Al-Anzi,Female,Abha,2022-02-21
C0441,Asma Al-Anzi,Female,Abha,2022-02-23
C0442,Yousef Al-Shehri,Male,Jeddah,2023-11-29
C0443,Fatima Al-Mutairi,Female,Taif,2023-10-31
C0444,Wadha Al-Shehri,Female,Abha,2024-02-14
C0445,Ghada Al-Ghamdi,Female,Riyadh,2024-07-18
C0446,Latifa Al-Anzi,Female,Hail,2024-01-27
C0447,Noura Al-Mutairi,Female,Taif,2024-06-22
C0448,Noura Al-Maliki,Female,Tabuk,2022-07-10
C0449,Amal Al-Qahtani,Female,Riyadh,2022-11-02
C0450,Khalid Al-Balawi,Male,Makkah,2023-04-11
C0451,Haya Al-Shehri,Female,Dammam,2024-05-21
C0452,Bader Al-Subaie,Male,Jeddah,2022-12-05
C0453,Hamad Al-Zahrani,Male,Dammam,2022-01-15
C0454,Amal Al-Subaie,Female,Dammam,2023-09-18
C0455,Moudi Al-Khaldi,Female,Hail,2022-12-02
C0456,Khalid Al-Mutairi,Male,Dammam,2023-05-04
C0457,Nasser Al-Otaibi,Male,Makkah,2023-01-28
C0458,Bader Al-Balawi,Male,Makkah,2023-08-20
C0459,Fatima Al-Zahrani,Female,Madinah,2023-12-11
C0460,Khalid Al-Omari,Male,Makkah,2022-06-13
C0461,Nawaf Al-Ghamdi,Male,Jeddah,2023-10-17
C0462,Amal Al-Rashidi,Female,Buraidah,2022-08-15
C0463,Saad Al-Shehri,Male,Dammam,2023-04-11
C0464,Jawaher Al-Rashidi,Female,Taif,2023-12-20
C0465,Majed Al-Subaie,Male,Abha,2023-11-28
C0466,Mariam Al-Omari,Female,Hail,2023-12-22
C0467,Ziyad Al-Dosari,Male,Riyadh,2024-04-28
C0468,Nawaf Al-Subaie,Male,Buraidah,2023-07-04
C0469,Yousef Al-Omari,Male,Jeddah,2023-11-28
C0470,Ziyad Al-Shehri,Male,Jeddah,2024-07-09
C0471,Ahmed Al-Omari,Male,Dammam,2023-06-10
C0472,Ziyad Al-Qahtani,Male,Hail,2023-04-19
C0473,Amal Al-Otaibi,Female,Taif,2022-09-18
C0474,Lama Al-Shamri,Female,Riyadh,2023-03-10
C0475,Abdullah Al-Qahtani,Male,Jeddah,2024-08-14
C0476,Turki Al-Khaldi,Male,Dammam,2024-02-27
C0477,Ali Al-Rashidi,Male,Taif,2023-04-05
C0478,Moudi Al-Maliki,Female,Jeddah,2023-12-01
C0479,Haya Al-Harbi,Female,Madinah,2022-05-02
C0480,Waleed Al-Maliki,Male,Hail,2022-05-11
C0481,Dana Al-Otaibi,Female,Riyadh,2022-11-02
C0482,Waleed Al-Khaldi,Male,Hail,2023-01-24
C0483,Dana Al-Omari,Female,Madinah,2022-06-08
C0484,Khalid Al-Qahtani,Male,Taif,2023-09-22
C0485,Fatima Al-Anzi,Female,Abha,2022-03-10
C0486,Ahmed Al-Omari,Male,Buraidah,2023-11-20
C0487,Noura Al-Anzi,Female,Riyadh,2023-02-16
C0488,Waleed Al-Subaie,Male,Riyadh,2022-05-24
C0489,Turki Al-Anzi,Male,Buraidah,2022-11-23
C0490,Yousef Al-Anzi,Male,Makkah,2024-06-16
C0491,Nawaf Al-Anzi,Male,Taif,2022-11-04
C0492,Waleed Al-Mutairi,Male,Taif,2023-07-24
C0493,Ibrahim Al-Maliki,Male,Hail,2022-11-23
C0494,Anoud Al-Harbi,Female,Makkah,2023-01-21
C0495,Waleed Al-Shehri,Male,Abha,2024-05-19
C0496,Saad Al-Omari,Male,Riyadh,2023-07-30
C0497,Ali Al-Harbi,Male,Taif,2022-09-06
C0498,Yousef Al-Shamri,Male,Tabuk,2024-05-17
C0499,Waleed Al-Subaie,Male,Riyadh,2022-10-02
C0500,Faisal Al-Qahtani,Male,Jeddah,2022-07-12
